ลำดับ,โครงการ,ทำเล,ประเภท,ราคา,ค่าคอมมิสชั่น,URL
1,"🏡 ทาวน์โฮมชั้นเดียว หลังมุม พื้นที่กว้าง คุ้มสุดในโซนนี้","พานทอง, พานทอง, ชลบุรี","ทาวน์โฮม-1-ชั้น","1,500,000 บ.","5%","https://spspropertysolution.com/properties/พานทอง-ชลบุรี-ทาวน์โฮม-1-ชั้น-ขาย-1.5m--5gkREPpJOM0fEQ8jfdmY"
2,"🏡 บ้านแฝดชั้นเดียว พื้นที่กว้าง อยู่สบาย ทำเลพานทอง","พานทอง, พานทอง, ชลบุรี","บ้านแฝด","2,600,000 บ.","5%","https://spspropertysolution.com/properties/พานทอง-ชลบุรี-บ้านแฝด-ขาย-2.6m--JBfXxz5fCPy8Y3QcQp12"
3,"🏡 บ้านเดี่ยวหลังใหญ่ ยกสูง พื้นที่กว้าง อยู่สบาย","พานทอง, พานทอง, ชลบุรี","บ้านเดี่ยว","2,600,000 บ.","5%","https://spspropertysolution.com/properties/พานทอง-ชลบุรี-บ้านเดี่ยว-ขาย-2.6m--L5alVH0zlIJaVofopr02"
4,"🏡 ทาวน์โฮมชั้นเดียว ราคาคุ้มสุดในโซนนี้ เริ่มไม่ถึงล้าน","พานทอง, พานทอง, ชลบุรี","ทาวน์โฮม-1-ชั้น","1,000,000 บ.","5%","https://spspropertysolution.com/properties/พานทอง-ชลบุรี-ทาวน์โฮม-1-ชั้น-ขาย-1m--XeFJIl3LFqgSXyBpqfZT"
5,"🏡 ทาวน์โฮมชั้นเดียว หลังมุม พื้นที่กว้าง จอดรถ 2 คัน","พานทอง, พานทอง, ชลบุรี","ทาวน์โฮม-1-ชั้น","1,900,000 บ.","5%","https://spspropertysolution.com/properties/พานทอง-ชลบุรี-ทาวน์โฮม-1-ชั้น-ขาย-1.9m--c1dcnnN5LLBc25kjeQnN"
6,"ทาวน์โฮม 1 ชั้น มีส่วนลดพิเศษ","มาบโป่ง, พานทอง, ชลบุรี","ทาวน์โฮม-1-ชั้น","1,000,000 บ.","3%","https://spspropertysolution.com/properties/มาบโป่ง-ชลบุรี-ทาวน์โฮม-1-ชั้น-ขาย-1m--03IwrwjuvbwnZdAGxA8d"
7,"บ้านเดี่ยว(เฟส 8-12 )","มาบโป่ง, พานทอง, ชลบุรี","บ้านเดี่ยว","1,000,000 บ.","3%","https://spspropertysolution.com/properties/มาบโป่ง-ชลบุรี-บ้านเดี่ยว-ขาย-1m--0UPLFSdIlJpGCQS4HcM5"
8,"🏡 ทาวน์โฮม 2 ชั้น","บ้านเก่า, พานทอง, ชลบุรี","ทาวน์โฮม-2-ชั้น","1,000,000 บ.","3%","https://spspropertysolution.com/properties/บ้านเก่า-ชลบุรี-ทาวน์โฮม-2-ชั้น-ขาย-1m--0cXfO54n4s5is6M84NBU"
9,"(check mark)เปิดขาย ทาวน์เฮ้าส์ ชั้นเดียว","บ้านเก่า, พานทอง, ��ลบุรี","ทาวน์โฮม-1-ชั้น","3,350,000 บ.","3%","https://spspropertysolution.com/properties/บ้านเก่า-ลบุรี-ทาวน์โฮม-1-ชั้น-ขาย-3.35m--0yNSmGp1FfgzWPq0ryBr"
10,"✅เปิดขาย บ้านชั้นเดียว","บ้านเก่า, พานทอง, ชลบุรี","ทาวน์โฮม-1-ชั้น","1,550,000 บ.","3%","https://spspropertysolution.com/properties/บ้านเก่า-ชลบุรี-ทาวน์โฮม-1-ชั้น-ขาย-1.55m--1LBdRnPL41N4737BpVv0"
11,"🏡บ้านเดี่ยว 50 ตร.ว.","บ้านสวน, เมืองชลบุรี, ชลบุรี","บ้านเดี่ยว","3,000,000 บ.","3%","https://spspropertysolution.com/properties/บ้านสวน-ชลบุรี-บ้านเดี่ยว-ขาย-3m--1gxdgZhtv1DzZFB15B9i"
12,"บ้านเดี่ยว-หนองกะขะซอย17🏡","มาบโป่ง, พานทอง, ชลบุรี","บ้านเดี่ยว","1,000,000 บ.","3%","https://spspropertysolution.com/properties/มาบโป่ง-ชลบุรี-บ้านเดี่ยว-ขาย-1m--1mFqdJpseJy1ubWFuLle"
13,"🏡 ขายทาวน์เฮ้าส์ 2 ชั้น ใกล้นิคมอมตะนคร เดินทางสะดวก","ดอนหัวฬ่อ, เมืองชลบุรี, ชลบุรี","ทาวน์โฮม-2-ชั้น","1,700,000 บ.","3%","https://spspropertysolution.com/properties/ดอนหัวฬ่อ-ชลบุรี-ทาวน์โฮม-2-ชั้น-ขาย-1.7m--2RgltpHDLjPCs89RKZJn"
14,"ทาวน์เฮาส์ชั้นเดียว ดอนหัวฬ่อ","ดอนหัวฬ่อ, เมืองชลบุรี, ชลบุรี","ทาวน์โฮม-1-ชั้น","1,290,000 บ.","3%","https://spspropertysolution.com/properties/ดอนหัวฬ่อ-ชลบุรี-ทาวน์โฮม-1-ชั้น-ขาย-1.29m--2Y430Rrew3SZY0w93OdM"
15,"บ้านเดี่ยว มาบโป่ง","มาบโป่ง, พานทอง, ชลบุรี","บ้านเดี่ยว","2,000,000 บ.","3%","https://spspropertysolution.com/properties/มาบโป่ง-ชลบุรี-บ้านเดี่ยว-ขาย-2m--2p0WbO4D2F9IEaGNsCn8"
16,"🏡บ้านเดี่ยว 🗺️ โป่งตามุข","มาบโป่ง, พานทอง, ชลบุรี","บ้านเดี่ยว","2,000,000 บ.","3%","https://spspropertysolution.com/properties/มาบโป่ง-ชลบุรี-บ้านเดี่ยว-ขาย-2m--3OHgipEiuxfTr96P5q1P"
17,"คอนโดสไตล์ญี่ปุ่น-บ้านสวน เมืองชล","บ้านสวน, เมืองชลบุรี, ชลบุรี","คอนโด","2,200,000 บ.","3%","https://spspropertysolution.com/properties/บ้านสวน-ชลบุรี-คอนโด-ขาย-2.2m--3tv0XEO27vBd3O04W7OB"
18,"✅เปิดขาย✅ ทรัพย์รุ่งเรืองซิตี้1(บ้านเก่า-พานทอง)","บ้านเก่า, พานทอง, ชลบุรี","ทาวน์โฮม-1-ชั้น","1,290,000 บ.","3%","https://spspropertysolution.com/properties/บ้านเก่า-ชลบุรี-ทาวน์โฮม-1-ชั้น-ขาย-1.29m--3w9Ec0Sd5AlATzZjmN0X"
19,"🏡 บ้านแฝดกู้ง่าย📍ติดแยกดอนหัวฬ่อ 🏡","ดอนหัวฬ่อ, เมืองชลบุรี, ชลบุรี","บ้านเดี่ยว","1,000,000 บ.","3%","https://spspropertysolution.com/properties/ดอนหัวฬ่อ-ชลบุรี-บ้านเดี่ยว-ขาย-1m--3yaHoRgnZsaZHUQKzCnf"
20,"คอนโด ขายพร้อมผู้เช่า","แสนสุข, เมืองชลบุรี, ชลบุรี","คอนโด","1,500,000 บ.","3%","https://spspropertysolution.com/properties/แสนสุข-ชลบุรี-คอนโด-ขาย-1.5m--3zX8zqwkoJUBoP8xjdzo"
